Name,Birthdate,Address
Mr. D. Smith,05/10/1932,"28 Wood Avenue, Hockley,SS5 5NU"
Ms. O. Johnson,30/03/1933,"Ty-Gwyn, Harlow Common, Harlow,CM17 9NF"
Mr. K.O. Williams,02/11/1933,"21 Lagham Road, South Godstone,RH9 8HE"
Ms. Q. Brown,09/08/1939,"86 Bankside Drive, Thames Ditton,KT7 0AH"
Mr. D.W. Chang,19/08/1959,"8 - 12 Lands Lane, Leeds,LS1 6LD"
Mr. U.K. Jones,06/04/1961,"22 Silvercourt, Walsall,WS8 6HA"
Mr. O.P. Garcia,01/07/1966,"1 Ashdale Close, Staines,TW19 7BA"
Ms. A. Miller-Dalen,18/10/1968,"8A Crawford Road, Hatfield,AL10 0PG"
Ms. E. Davis,23/09/1969,"28 Long Bridge Street, Llanidloes,SY18 6AR"
Ms. Q. Wang,11/02/1974,"23 Waresley Park, Hartlebury,DY11 7XF"
Ms. R. Zoeng,09/01/1980,"Coach House, Colonels Lane, Upper Broughton,LE14 3BX"
Ms. O. Afonso-Kilo,08/09/1989,"10 Broderip, Cossington,TA7 8LA"
Ms. S. Rodrigez-Stylo,14/07/1998,"Bartley Mill Farm, Lamberhurst,TN3 8BH"
Ms. W. Martim-Burgt,21/03/2000,"4 Chestnut Grove, Withernsea,HU19 2PH"
Ms. A. Tom√°s-Adilson,17/04/2000,"91 London Road, Chatteris,PE16 6LW"
Ms. E. Duarte,21/11/2012,"17 Llanerch Estate, Rowen,LL32 8YA"